,GeneName,ProteinRegionSeq,Start,End,uniprotID,
0,sp|Q96QS3|ARX_HUMAN,DEEDEDEEEELLEDDEEE,232,249,Q96QS3,TRUE
1,sp|P57073|SOX8_HUMAN,SEVMGTMDAFD,270,280,P57073,TRUE
2,sp|O14628|ZN195_HUMAN,WKCLDLAQQNLYRDVM,17,32,O14628,TRUE
3,sp|P50549|ETV1_HUMAN,ELFQDLSQLQETWLAEAQ,44,61,P50549,TRUE
4,sp|Q14209|E2F2_HUMAN,LISFSPSLDQDDYLWGLEAGEGISDLFDSYDLGDLLIN,399,436,Q14209,TRUE
5,sp|Q9NP71|MLXPL_HUMAN,EEPGGRQLLDLNCFLSDISDTLFTMT,234,259,Q9NP71,TRUE
6,sp|Q9NP71|MLXPL_HUMAN,PDLTPLQPSLDDFMDISDFFTNSRLP,283,308,Q9NP71,TRUE
7,sp|Q9Y603|ETV7_HUMAN,DGRIADCRLLWDY,216,228,Q9Y603,TRUE
8,sp|Q96GD3|SCMH1_HUMAN,RGAFDYWCRFDSRDIFPVGWC,204,224,Q96GD3,TRUE
9,sp|P31629|ZEP2_HUMAN,PGPLPSVASED,126,136,P31629,TRUE
10,sp|O95785|WIZ_HUMAN,PLDFLLLDAPLGGPLGLD,667,684,O95785,TRUE
11,sp|Q96NG8|ZN582_HUMAN,FRDVAIVFSQEEWQWLAPAQRDLYRDVM,7,34,Q96NG8,TRUE
12,sp|Q96NG8|ZN582_HUMAN,IMESLTSYGLECSS,103,116,Q96NG8,TRUE
13,sp|Q03933|HSF2_HUMAN,SILNDNINLLGKVELLDYLDSIDCSLEDFQAMLSGRQFSIDPDL,345,388,Q03933,TRUE
14,sp|Q03933|HSF2_HUMAN,LFYLCELAPAPLD,515,527,Q03933,TRUE
15,sp|Q9BVI0|PHF20_HUMAN,CEECQCWQHG,668,677,Q9BVI0,TRUE
16,sp|Q9BVI0|PHF20_HUMAN,PQLKHCIKQLLMDLGKVQQIALC,986,1008,Q9BVI0,TRUE
17,sp|Q13133|NR1H3_HUMAN,DFAKAGLQVEFIN,324,336,Q13133,TRUE
18,sp|Q13133|NR1H3_HUMAN,FSRAMNELQLND,341,352,Q13133,TRUE
19,sp|Q8WYA1|BMAL2_HUMAN,DALCDNDDTAMAAFMNYLEAEGGLGDPGD,599,627,Q8WYA1,TRUE
20,sp|Q9Y4A8|NF2L3_HUMAN,LLLPPPTLLQDELLFLGGPASS,33,54,Q9Y4A8,TRUE
21,sp|Q9Y4A8|NF2L3_HUMAN,DLFQLLSSQPENSLE,263,277,Q9Y4A8,TRUE
22,sp|Q9Y4A8|NF2L3_HUMAN,MRNLTSQDLLYDLDINIFDEINLMSLATEDNFDP,371,404,Q9Y4A8,TRUE
23,sp|Q9Y4A8|NF2L3_HUMAN,MPVDSFNSMLS,556,566,Q9Y4A8,TRUE
24,sp|O00409|FOXN3_HUMAN,RLEEGAMEDEEL,48,59,O00409,TRUE
25,sp|O75626|PRDM1_HUMAN,WTEAEFEEKCTY,48,59,O75626,TRUE
26,sp|Q68CJ9|CR3L3_HUMAN,ACSMDPIDSFELLDLLFDRQDGILR,13,37,Q68CJ9,TRUE
27,sp|Q68CJ9|CR3L3_HUMAN,SILGSGDSLP,65,74,Q68CJ9,TRUE
28,sp|Q9P0K8|FOXJ2_HUMAN,FKFSYSEINFQDLS,238,251,Q9P0K8,TRUE
29,sp|O95625|ZBT11_HUMAN,HEAVVDLSGFCKASF,251,265,O95625,TRUE
30,sp|P23497|SP100_HUMAN,PVLEALFSDVNMQEYPDLI,119,137,P23497,TRUE
31,sp|Q99612|KLF6_HUMAN,QELQIVHETGYFSALPSLEEYWQQTCLELERYLQSE,10,45,Q99612,TRUE
32,sp|P19532|TFE3_HUMAN,DEIISLESSYNDEMLSY,265,281,P19532,TRUE
33,sp|P19532|TFE3_HUMAN,SDHLGDLGDPFHLGLEDIL,506,524,P19532,TRUE
34,sp|P35398|RORA_HUMAN,PDVFKSLGCEDFISFVFEFGKSLCSMHLTEDEIALFS,387,423,P35398,TRUE
35,sp|P36956|SRBP1_HUMAN,LGEPCDLDAALLTDIEDMLQLINNQDSDFPG,14,44,P36956,TRUE
36,sp|Q9H3D4|P63_HUMAN,TNEFLSPEVFQHIWDFLEQPICSVQPID,45,72,Q9H3D4,TRUE
37,sp|Q9H3D4|P63_HUMAN,LTTIYQIEHY,569,578,Q9H3D4,TRUE
38,sp|P10070|GLI2_HUMAN,SSRLTTPRNSLTLPSI,1540,1555,P10070,TRUE
39,sp|Q9HCE3|ZN532_HUMAN,PDFDDLLAAFDI,8,19,Q9HCE3,TRUE
40,sp|P17032|ZN37A_HUMAN,YNKNGNSFWLNEDLIWHQKIKNWE,119,142,P17032,TRUE
41,sp|Q9UIF9|BAZ2A_HUMAN,PMGLNFDSQELYDSFPDQNFEV,156,177,Q9UIF9,TRUE
42,sp|Q9UIF9|BAZ2A_HUMAN,EKALHKHLNKHRDFL,1461,1475,Q9UIF9,TRUE
43,sp|Q9UIF9|BAZ2A_HUMAN,IKNPMDFSTMRERL,1833,1846,Q9UIF9,TRUE
44,sp|Q9UIF9|BAZ2A_HUMAN,RFFESRWEEFYQ,1887,1898,Q9UIF9,TRUE
45,sp|P10826|RARB_HUMAN,LVFTFANQLLPLEMDDTETGLLSAI,307,331,P10826,TRUE
46,sp|O15350|P73_HUMAN,SFLTGLGCPNC,494,504,O15350,TRUE
47,sp|Q9Y2H8|ZN510_HUMAN,PEVIFKLEQGE,91,101,Q9Y2H8,TRUE
48,sp|Q5JVG8|ZN506_HUMAN,RDVAIEFSLEEWHCLDAAQRNLYRDV,6,31,Q5JVG8,TRUE
49,sp|Q14494|NF2L1_HUMAN,VSGDLTKEDIDLIDILWRQDIDL,162,184,Q14494,TRUE
50,sp|Q14494|NF2L1_HUMAN,TESPFDLEQQWQDLMSIMEMQAM,303,325,Q14494,TRUE
51,sp|Q14494|NF2L1_HUMAN,GGLLDEAMLDEISLMDLAIEEGFNPVQ,438,464,Q14494,TRUE
52,sp|Q6ISB3|GRHL2_HUMAN,HYSNEDTFILNMES,599,612,Q6ISB3,TRUE
53,sp|Q8TAW3|ZN671_HUMAN,VFEDVFVYFSREEWELLDDAQRLLYHDVML,49,78,Q8TAW3,TRUE
54,sp|Q9BWM5|ZN416_HUMAN,VTFEDVAIYFSQEEWGLLDEAQRLLYRDV,27,55,Q9BWM5,TRUE
55,sp|Q9BWM5|ZN416_HUMAN,MCVPFLTDILHLTDLPGQE,107,125,Q9BWM5,TRUE
56,sp|Q9NXT0|ZN586_HUMAN,EDVAVNFSLEEWSLLNEAQRCLYRDV,17,42,Q9NXT0,TRUE
57,sp|Q9NWS9|ZN446_HUMAN,GLLDRSQKELYWDAM,212,226,Q9NWS9,TRUE
58,sp|Q15788|NCOA1_HUMAN,ESLGPLLLEALDG,109,121,Q15788,TRUE
59,sp|Q03112|MECOM_HUMAN,NLKDPSYGWEILDEFYNVKFCIDAS,115,139,Q03112,TRUE
60,sp|Q03112|MECOM_HUMAN,SNLHEGNPEDD,1097,1107,Q03112,TRUE
61,sp|O14771|ZN213_HUMAN,REEWGTLDPAQR,212,223,O14771,TRUE
62,sp|P48378|RFX2_HUMAN,PEFPAPDLGS,344,353,P48378,TRUE
63,sp|P48378|RFX2_HUMAN,TLQQQSSLDQW,573,583,P48378,TRUE
64,sp|Q9NR11|ZN302_HUMAN,SHEEWACLDSAQRDL,13,27,Q9NR11,TRUE
65,sp|Q9NR11|ZN302_HUMAN,GFSALFEHCSEVTEIFELSEL,87,107,Q9NR11,TRUE
66,sp|Q14587|ZN268_HUMAN,SWGPLSFMDVFVDFTWEEWQLLDPAQKCLYRSV,76,108,Q14587,TRUE
67,sp|Q86UP3|ZFHX4_HUMAN,GMPGMTGMAGSLLEDLKQQIQT,1717,1738,Q86UP3,TRUE
68,sp|Q15744|CEBPE_HUMAN,SAYIESGEEQ,42,51,Q15744,TRUE
69,sp|Q9UGU0|TCF20_HUMAN,LYGLQEALEIAREMKCSHC,1871,1889,Q9UGU0,TRUE
70,sp|O75132|ZBED4_HUMAN,GALFSQYSSTLYD,83,95,O75132,TRUE
71,sp|O75132|ZBED4_HUMAN,DYSGNSIQKQLECWWEA,777,793,O75132,TRUE
72,sp|Q16665|HIF1A_HUMAN,DMKAQMNCFYLKALD,82,96,Q16665,TRUE
73,sp|Q16665|HIF1A_HUMAN,LMGYEPEELLGRS,261,273,Q16665,TRUE
74,sp|Q16665|HIF1A_HUMAN,YVDSDMVNEFKLE,521,533,Q16665,TRUE
75,sp|Q16665|HIF1A_HUMAN,DLEMLAPYIPMDDDFQ,557,572,Q16665,TRUE
76,sp|Q14934|NFAC4_HUMAN,SWSFFSDASDEAALYA,177,192,Q14934,TRUE
77,sp|P10244|MYBB_HUMAN,SEALDLIESDPDAWCDLS,308,325,P10244,TRUE
78,sp|P41235|HNF4A_HUMAN,LPFQELQIDDNEY,273,285,P41235,TRUE
79,sp|Q13469|NFAC2_HUMAN,PQDELDFSILFDYEYLNPN,23,41,Q13469,TRUE
80,sp|Q9H2P0|ADNP_HUMAN,EDFKQFEPNDFYLKNTTW,35,52,Q9H2P0,TRUE
81,sp|Q9UKD1|GMEB2_HUMAN,GDWTAAIGDDTFTFWRGLKDAGLLD,222,246,Q9UKD1,TRUE
82,sp|Q01094|E2F1_HUMAN,DYHFGLEEGEGIRDLFDCDFGDLTPLD,409,435,Q01094,TRUE
83,sp|Q99607|ELF4_HUMAN,FPAVIVEQVPYPD,31,43,Q99607,TRUE
84,sp|Q99607|ELF4_HUMAN,HLYSGLELDDVHN,46,58,Q99607,TRUE
85,sp|Q9ULV5|HSF4_HUMAN,LQGREWTLMDLDMELSLMQPL,401,421,Q9ULV5,TRUE
86,sp|Q01201|RELB_HUMAN,GFAYDPTAPTLFTM,487,500,Q01201,TRUE
87,sp|Q8TEK3|DOT1L_HUMAN,EVYGETSFDLVAQMIDEIKMTDDD,133,156,Q8TEK3,TRUE
88,sp|Q13487|SNPC2_HUMAN,VLDLLMSLPEELPLLPCTA,232,250,Q13487,TRUE
89,sp|Q96HQ0|ZN419_HUMAN,HEEGYVTFEDVAVYFSQEEWRLLD,21,44,Q96HQ0,TRUE
90,sp|Q9Y473|ZN175_HUMAN,QQLDPAQRCLYRDV,41,54,Q9Y473,TRUE
91,sp|Q10586|DBP_HUMAN,ERTLPFGDVEYVDLDAFLLE,105,124,Q10586,TRUE
92,sp|Q13351|KLF1_HUMAN,LGPFPDTQDDF,16,26,Q13351,TRUE
93,sp|Q13351|KLF1_HUMAN,ERGADATWDLDLLLTNFSGP,65,84,Q13351,TRUE
94,sp|O00321|ETV2_HUMAN,LPWSGDWTDMAC,84,95,O00321,TRUE
95,sp|P17017|ZNF14_HUMAN,SFEDVAVNFTLEEWALLDS,4,22,P17017,TRUE
96,sp|O60381|HBP1_HUMAN,SSLSDDDDLGWCNSWPSTV,192,210,O60381,TRUE
97,sp|O14948|TFEC_HUMAN,AIAFSDPLSYF,278,288,O14948,TRUE
98,sp|O14948|TFEC_HUMAN,SAALKEEQRL,294,303,O14948,TRUE
99,sp|O43364|HXA2_HUMAN,LDSPVDISADSLDFFTDTLTTIDLQ,347,371,O43364,TRUE
100,sp|P17029|ZKSC1_HUMAN,PDSGEEAVTL,120,129,P17029,TRUE
101,sp|O43316|PAX4_HUMAN,LPVIAPSCVD,310,319,O43316,TRUE
102,sp|P35869|AHR_HUMAN,FRNDFSGEVDFRDIDLTDEILTYVQD,561,586,P35869,TRUE
103,sp|P10071|GLI3_HUMAN,HFPSALPDDSK,1110,1120,P10071,TRUE
104,sp|Q8IUX7|AEBP1_HUMAN,TVLTDDEIEEFLEGFLSELEP,26,46,Q8IUX7,TRUE
105,sp|Q8IUX7|AEBP1_HUMAN,TFFVGFSNDSQT,472,483,Q8IUX7,TRUE
106,sp|Q8IUX7|AEBP1_HUMAN,AQMGSEFGNWALGLWTEEGFDIFEDFPDLNSVLWGA,676,711,Q8IUX7,TRUE
107,sp|Q8IUX7|AEBP1_HUMAN,FSYLHTNCLELSFYLGCD,860,877,Q8IUX7,TRUE
108,sp|O43889|CREB3_HUMAN,LELDAGDQDLLAFLLE,2,17,O43889,TRUE
109,sp|O43889|CREB3_HUMAN,ALPLSEVPSDWEVDDLLCSLLSPPAS,37,62,O43889,TRUE
110,sp|O43889|CREB3_HUMAN,PFPDLFSEPL,327,336,O43889,TRUE
111,sp|O94983|CMTA2_HUMAN,VDPLNVDHFSCTPLMWA,746,762,O94983,TRUE
112,sp|Q16534|HLF_HUMAN,KTLPYDGDTFQLEYMDLEEFL,71,91,Q16534,TRUE
113,sp|O15353|FOXN1_HUMAN,AEAEAFLPGF,165,174,O15353,TRUE
114,sp|O15353|FOXN1_HUMAN,TDLDAINPSLTDFDFQGNLWEQLKDDSLA,526,554,O15353,TRUE
115,sp|P19838|NFKB1_HUMAN,LVENFEPLYDLDDSWENAGEDEGVVPGTTPL,745,775,P19838,TRUE
116,sp|Q05516|ZBT16_HUMAN,QAKAEDLDDLLYAAEILEIEYLEEQCL,92,118,Q05516,TRUE
117,sp|Q9UKN5|PRDM4_HUMAN,DIPPENELLF,516,525,Q9UKN5,TRUE
118,sp|Q9H175|CSRN2_HUMAN,DEDIDVENVEV,158,168,Q9H175,TRUE
119,sp|P23409|MYF6_HUMAN,MMMDLFETGSYFFYLDGENVTLQPLE,0,25,P23409,TRUE
120,sp|P08151|GLI1_HUMAN,GSSGHTPPPSGP,1068,1079,P08151,TRUE
121,sp|Q08050|FOXM1_HUMAN,TMNDSLSKILLDISFPGLDEDPLGPDNINW,725,754,Q08050,TRUE
122,sp|P11473|VDR_HUMAN,SDDPSVTLELSQLS,211,224,P11473,TRUE
123,sp|Q33E94|RFX4_HUMAN,DHLLEEQSPIESYIEWL,384,400,Q33E94,TRUE
124,sp|Q03181|PPARD_HUMAN,FAVKFNALELDDSD,333,346,Q03181,TRUE
125,sp|Q9BYV9|BACH2_HUMAN,CFSFLQTQLLNS,124,135,Q9BYV9,TRUE
126,sp|Q9Y4E5|ZN451_HUMAN,KYFCGLCDLIFNVEEAFLSHYEEH,665,688,Q9Y4E5,TRUE
127,sp|Q9Y4E5|ZN451_HUMAN,EEEIVELPDLDYLRTMTHIVFVDF,869,892,Q9Y4E5,TRUE
128,sp|O00716|E2F3_HUMAN,FVNLLPPLLQEDYLLSLGEEEGISDLFDAYDLEKLPLVEDF,421,461,O00716,TRUE
129,sp|Q9Y466|NR2E1_HUMAN,LQDQLMLLEDA,210,220,Q9Y466,TRUE
130,sp|O43167|ZBT24_HUMAN,MFAEEGEIGQSIYMLEGMVAD,64,84,O43167,TRUE
131,sp|O43189|PHF1_HUMAN,DREILPFTSENWDSL,273,287,O43189,TRUE
132,sp|P19484|TFEB_HUMAN,KDLDLMLLDDSLLPLASD,430,447,P19484,TRUE
133,sp|P04150|GCR_HUMAN,ENCLLSPLAGED,220,231,P04150,TRUE
134,sp|P04150|GCR_HUMAN,YAGYDSSVPD,544,553,P04150,TRUE
135,sp|P04150|GCR_HUMAN,HEVVENLLNYCFQTFLDKTMSIEFPEM,725,751,P04150,TRUE
136,sp|P41182|BCL6_HUMAN,VINLDPEINPEGF,70,82,P41182,TRUE
137,sp|Q14188|TFDP2_HUMAN,SDKFEYLFNFDNTFEIHDDIEVL,292,314,Q14188,TRUE
138,sp|Q9Y2W7|CSEN_HUMAN,LIYAQFFPQG,115,124,Q9Y2W7,TRUE
139,sp|Q9Y2W7|CSEN_HUMAN,FLFNAFDADGNGAIHFEDF,132,150,Q9Y2W7,TRUE
140,sp|Q9Y2W7|CSEN_HUMAN,ACQKDENIMSS,237,247,Q9Y2W7,TRUE
141,sp|P49450|CENPA_HUMAN,LALQEAAEAF,91,100,P49450,TRUE
142,sp|P42224|STAT1_HUMAN,SKFLEQVHQLYDDSFPMEIR,11,30,P42224,TRUE
143,sp|P42224|STAT1_HUMAN,ANDVSFATIRFHDLLSQLDDQYSRFS,46,71,P42224,TRUE
144,sp|Q03701|CEBPZ_HUMAN,DDEEFEELIDTFEDDNCFS,839,857,Q03701,TRUE
145,sp|Q03701|CEBPZ_HUMAN,KQLRWEAERD,1010,1019,Q03701,TRUE
146,sp|Q99814|EPAS1_HUMAN,LETLAPYIPMDGEDF,525,539,Q99814,TRUE
147,sp|Q16236|NF2L2_HUMAN,PGLPSQQDMDLIDILWRQDIDLG,8,30,Q16236,TRUE
148,sp|Q16236|NF2L2_HUMAN,ALYFDDCMQLLAQTFPFVDDN,112,132,Q16236,TRUE
149,sp|Q16236|NF2L2_HUMAN,DGMQQDIEQVWEELLSIPELQCLNIE,177,202,Q16236,TRUE
150,sp|Q13029|PRDM2_HUMAN,GWMCIDATDPEK,83,94,Q13029,TRUE
151,sp|O00482|NR5A2_HUMAN,QLVEGVQEQVNA,467,478,O00482,TRUE
152,sp|P12524|MYCL_HUMAN,SYQHYFYDYDCGEDFYRSTAP,4,24,P12524,TRUE
153,sp|Q13129|RLF_HUMAN,ELPCEVWLPFLQSLQESHDALL,143,164,Q13129,TRUE
154,sp|Q13129|RLF_HUMAN,CQLTEFLIEPSLDGFNMLEELYLQ,411,434,Q13129,TRUE
155,sp|Q13129|RLF_HUMAN,DLTGNVVANNMV,1806,1817,Q13129,TRUE
156,sp|Q5T5D7|ZN684_HUMAN,FQDVAVDFTAEEWQLLDCAERTLYWDVMLE,9,38,Q5T5D7,TRUE
157,sp|Q9UGL1|KDM5B_HUMAN,PPPECPVFEPSWEEFADPF,27,45,Q9UGL1,TRUE
158,sp|Q9UGL1|KDM5B_HUMAN,CGSGNDEDRLLLCDGCDDSYHTF,314,336,Q9UGL1,TRUE
159,sp|Q9UGL1|KDM5B_HUMAN,MPVHMVPTELVEK,395,407,Q9UGL1,TRUE
160,sp|Q9UGL1|KDM5B_HUMAN,SYSINYLHWGEPK,504,516,Q9UGL1,TRUE
161,sp|Q9UGL1|KDM5B_HUMAN,NFAEAVNFCTVDWL,594,607,Q9UGL1,TRUE
162,sp|Q9UGL1|KDM5B_HUMAN,SAAELQDLLDVSFEFDVELPQLAEMR,885,910,Q9UGL1,TRUE
163,sp|O14896|IRF6_HUMAN,IQPFYSSPELWISS,206,219,O14896,TRUE
164,sp|Q03164|KMT2A_HUMAN,INSTVEHDENRTIAHSPTSFTE,2082,2103,Q03164,TRUE
165,sp|P18850|ATF6A_HUMAN,GLFHRLDEDWDSALFAELGYFTDTDELQLEAANETYENNFDNLDFDLDLMPWESDIWDIN,17,76,P18850,TRUE
166,sp|O75840|KLF7_HUMAN,IFQELQLVHDTGYFSALPSLEETWQQ,8,33,O75840,TRUE
167,sp|O75840|KLF7_HUMAN,SPPPCIEESF,64,73,O75840,TRUE
168,sp|P10242|MYB_HUMAN,LLEFAETLQFID,388,399,P10242,TRUE
169,sp|Q9H8G1|ZN430_HUMAN,LTFRDVAIEFSLEEWQCLDT,34,53,Q9H8G1,TRUE
170,sp|O43524|FOXO3_HUMAN,NLNDGLTENLMDDL,376,389,O43524,TRUE
171,sp|O43524|FOXO3_HUMAN,KFPSDLDLDMFNGSLECDMESIIRSELMDADGLDFNFDSLIST,605,647,O43524,TRUE
172,sp|Q5T6S3|PHF19_HUMAN,CLNEPMMFGDR,226,236,Q5T6S3,TRUE
173,sp|Q5T6S3|PHF19_HUMAN,SAWSTNHHLASIF,410,422,Q5T6S3,TRUE
174,sp|Q92570|NR4A3_HUMAN,IKDFSLNLQSLNLDI,516,530,Q92570,TRUE
175,sp|Q3B8N5|PROX2_HUMAN,NKGNDFEVPDCFLEIASLTLQ,529,549,Q3B8N5,TRUE
176,sp|O95718|ERR2_HUMAN,YIMDEEHSRL,304,313,O95718,TRUE
177,sp|Q9Y2G7|ZFP30_HUMAN,RDVAVDFSQEEWECLNSYQRNLYRDVI,8,34,Q9Y2G7,TRUE
178,sp|Q49AM1|MTEF2_HUMAN,KETLEFLQEQ,227,236,Q49AM1,TRUE
179,sp|P25208|NFYB_HUMAN,FAMSTLGFDS,119,128,P25208,TRUE
180,sp|Q6P9A3|ZN549_HUMAN,FEDIAVYFSQEEWGLLDEAQRCLYHDVMLENFS,28,60,Q6P9A3,TRUE
181,sp|Q13398|ZN211_HUMAN,VTFEDVAVYFSWEEWDLLDEAQKHLYFDVMLENFALTSSLGC,32,73,Q13398,TRUE
182,sp|Q9UID6|ZN639_HUMAN,QHIADTHFSDHLYWCEQCDVQFSSSSELYLHFQEHSCD,276,313,Q9UID6,TRUE
183,sp|Q9H582|ZN644_HUMAN,GFYFEYYEDTGSNNFLH,914,930,Q9H582,TRUE
184,sp|P22736|NR4A1_HUMAN,TFMDGYTGEFDTFL,54,67,P22736,TRUE
185,sp|P22736|NR4A1_HUMAN,ELSPADQDLLLES,428,440,P22736,TRUE
186,sp|Q16621|NFE2_HUMAN,EMELTWQEIMSITE,22,35,Q16621,TRUE
187,sp|Q9UIF8|BAZ2B_HUMAN,,2184,2197,Q9UIF8,FALSE
188,sp|Q9Y6Q9|NCOA3_HUMAN,LDAILGDLTSSD,799,810,Q9Y6Q9,TRUE
189,sp|Q9Y2N7|HIF3A_HUMAN,SIFDFIHPCD,127,136,Q9Y2N7,TRUE
190,sp|Q9Y2N7|HIF3A_HUMAN,VAGYSPDDLIG,260,270,Q9Y2N7,TRUE
191,sp|Q9Y2N7|HIF3A_HUMAN,DADALDLEMLAPYISMDDD,480,498,Q9Y2N7,TRUE
192,sp|O95238|SPDEF_HUMAN,PEQGLSAFYLSYFDMLYP,50,67,O95238,TRUE
193,sp|Q06945|SOX4_HUMAN,DDLLDLNPSSNFESMS,402,417,Q06945,TRUE
194,sp|Q06945|SOX4_HUMAN,NFEPGSGSHFEFPDYCTPEVSEMISGDWLESSI,434,466,Q06945,TRUE
195,sp|O75603|GCM2_HUMAN,WDINDPQMPQELALFDQFREW,20,40,O75603,TRUE
196,sp|P48436|SOX9_HUMAN,SDVISNIETF,279,288,P48436,TRUE
197,sp|Q15361|TTF1_HUMAN,EDTNEIDWEDL,777,787,Q15361,TRUE
198,sp|Q9NR83|S2A4R_HUMAN,TELDVGVDTLT,243,253,Q9NR83,TRUE
199,sp|P15863|PAX1_HUMAN,LWPDPPHFLYWSGFLGFSE,512,530,P15863,TRUE
200,sp|P07199|CENPB_HUMAN,DVFSATETSLWYDFL,189,203,P07199,TRUE
201,sp|Q9BYM8|HOIL1_HUMAN,CKGWCFFEDDVNEFTCPVCFH,375,395,Q9BYM8,TRUE
202,sp|Q9UPG8|PLAL2_HUMAN,EALCAANVDFSHLL,404,417,Q9UPG8,TRUE
203,sp|P10827|THA_HUMAN,KSLSAFNLDDTE,303,314,P10827,TRUE
204,sp|P20393|NR1D1_HUMAN,MGMGDLLSAMFDFSEKLNSLALTEEEL,510,536,P20393,TRUE
205,sp|Q9ULL5|PRR12_HUMAN,SLLQDEERSFFPT,936,948,Q9ULL5,TRUE
206,sp|Q9ULL5|PRR12_HUMAN,,2067,2077,Q9ULL5,FALSE
207,sp|P42229|STA5A_HUMAN,SQFNRENLPGWNYTFW,555,570,P42229,TRUE
208,sp|Q5TGY3|AHDC1_HUMAN,ADILSELASL,241,250,Q5TGY3,TRUE
209,sp|Q5TGY3|AHDC1_HUMAN,YFRSLLDSDDSSD,838,850,Q5TGY3,TRUE
210,sp|Q9Y2K1|ZBTB1_HUMAN,QREWGFLCDCCIAIDDIYF,16,34,Q9Y2K1,TRUE
211,sp|Q5JVG2|ZN484_HUMAN,LAQKSLYREVM,26,36,Q5JVG2,TRUE
212,sp|Q9Y5W3|KLF2_HUMAN,TDDDLNSVLDFILSMGLD,36,53,Q9Y5W3,TRUE
213,sp|Q99551|MTEF1_HUMAN,ELLVLICGPGAEIL,268,281,Q99551,TRUE
214,sp|Q9Y6R6|Z780B_HUMAN,ECLQPDQRTLYRDVM,20,34,Q9Y6R6,TRUE
215,sp|P18848|ATF4_HUMAN,VLVGDLMSPFDQSGLGAEESLGLLD,10,34,P18848,TRUE
216,sp|P18848|ATF4_HUMAN,MLEKMDLKEFDLDALLGIDDLETMPDDLLTTLDDTCDLF,84,122,P18848,TRUE
217,sp|Q13568|IRF5_HUMAN,QKGQTNTPPP,382,391,Q13568,TRUE
218,sp|P15172|MYOD1_HUMAN,LCSFATTDDFYDDPCFDSPDLRFFEDLD,19,46,P15172,TRUE
219,sp|Q92949|FOXJ1_HUMAN,ALDDSLTSLQWLQ,27,39,Q92949,TRUE
220,sp|Q92949|FOXJ1_HUMAN,KGNFDWEAIFDAGTLGGELGA,305,325,Q92949,TRUE
221,sp|Q92949|FOXJ1_HUMAN,ADSLDFDETFLATSFLQHPWDESGS,366,390,Q92949,TRUE
222,sp|Q8N988|ZN557_HUMAN,VTFEDVAVEFTQEEWALLDP,35,54,Q8N988,TRUE
223,sp|P26358|DNMT1_HUMAN,FDGGEKALIGFS,468,479,P26358,TRUE
224,sp|P26358|DNMT1_HUMAN,TDTVLGATSDPLELFLVD,800,817,P26358,TRUE
225,sp|P26358|DNMT1_HUMAN,SLLEGDDGKTYFYQLW,852,867,P26358,TRUE
226,sp|P26358|DNMT1_HUMAN,STVFTEDCNILLKLVMA,1183,1199,P26358,TRUE
227,sp|Q9BUY5|ZN426_HUMAN,QDSVTFDDVAVDFTQEEWTLLDSTQRSLYSDV,38,69,Q9BUY5,TRUE
228,sp|Q9NQX6|ZN331_HUMAN,QEEWACLNSAQRDLYWDVMLENYSNLVSLD,16,45,Q9NQX6,TRUE
229,sp|Q15928|ZN141_HUMAN,DVAIEFSPEEWKCLDPDQQNLYRDVM,7,32,Q15928,TRUE
230,sp|Q9BQY4|RHXF2_HUMAN,DDYFWDHSHSSSLCFPMPPFP,229,249,Q9BQY4,TRUE
231,sp|P10276|RARA_HUMAN,LVFAFANQLLPLEMDDAETGLLSAI,307,331,P10276,TRUE
232,sp|Q9HCX3|ZN304_HUMAN,EDVFVYFSREEWELLEEAQRFLYRDVML,16,43,Q9HCX3,TRUE
233,sp|Q9HCX3|ZN304_HUMAN,CGDEGKAFLDT,224,234,Q9HCX3,TRUE
234,sp|P52740|ZN132_HUMAN,FEDVAVYFSQEEWELLDA,39,56,P52740,TRUE
235,sp|P17024|ZNF20_HUMAN,EDVAVSFTQEEWALL,9,23,P17024,TRUE
236,sp|Q6P1N0|C2D1A_HUMAN,PEDGANDEELEA,34,45,Q6P1N0,TRUE
237,sp|P37231|PPARG_HUMAN,QEMTMVDTEMPFWPTNFG,26,43,P37231,TRUE
238,sp|P37231|PPARG_HUMAN,EFAVKFNALELD,396,407,P37231,TRUE
239,sp|Q15554|TERF2_HUMAN,MEAELTPLESAINVL,163,177,Q15554,TRUE
240,sp|Q15329|E2F5_HUMAN,DYNFNLDDNEGVCDLFDV,323,340,Q15329,TRUE
241,sp|Q9NZI5|GRHL1_HUMAN,SNIEEIAYNAISFTWDINDE,348,367,Q9NZI5,TRUE
242,sp|P04198|MYCN_HUMAN,FDSLQPCFYPDEDDFYFGGPDSTPPGED,20,47,P04198,TRUE
243,sp|P04198|MYCN_HUMAN,PPSWVTEMLLENELWGSPAEEDAFGLG,73,99,P04198,TRUE
244,sp|O15516|CLOCK_HUMAN,FLSNEEFTQLMLEALDGFFLA,103,123,O15516,TRUE
245,sp|O15516|CLOCK_HUMAN,LLEHLPSDLVDQSIFNFIPEGEH,140,162,O15516,TRUE
246,sp|O15516|CLOCK_HUMAN,PFEVLGTSGYDYYHVDDL,300,317,O15516,TRUE
247,sp|P14921|ETS1_HUMAN,CALGKDCFLELAPDFVGDILWEHLEILQK,105,133,P14921,TRUE
248,sp|O14545|TRAD1_HUMAN,EIMLPCEFCEELYPEELLIDHQ,287,308,O14545,TRUE
249,sp|Q9Y222|DMTF1_HUMAN,RIAELDVADENDINWDLLAEGWSS,349,372,Q9Y222,TRUE
250,sp|Q9NZC4|EHF_HUMAN,HLLDTNQLDANCIPFQEFDINGE,60,82,Q9NZC4,TRUE
251,sp|Q9UKW6|ELF5_HUMAN,PNASFCDPLMSWTDLFSNEEYYPAFEHQTAC,21,51,Q9UKW6,TRUE
252,sp|Q9UKW6|ELF5_HUMAN,WTSVHPEYWTK,55,65,Q9UKW6,TRUE
253,sp|Q9UKW6|ELF5_HUMAN,FCCDQYKLDTNCISFCNFNISGLQLCSMTQEEFVEAAGLCG,74,114,Q9UKW6,TRUE
254,sp|Q9UKW6|ELF5_HUMAN,FVRDLLLSPEENCGIL,177,192,Q9UKW6,TRUE
255,sp|Q05215|EGR4_HUMAN,ALNSCGASGDL,155,165,Q05215,TRUE
256,sp|Q05215|EGR4_HUMAN,VPEHPHDPEALF,193,204,Q05215,TRUE
257,sp|Q9HB58|SP110_HUMAN,FQEAMWLDLVKER,612,624,Q9HB58,TRUE
258,sp|Q9HB58|SP110_HUMAN,EKDLKDVLGFH,667,677,Q9HB58,TRUE
259,sp|Q96T68|SETB2_HUMAN,FWMELEDDGKVDFIFE,10,25,Q96T68,TRUE
260,sp|Q96T68|SETB2_HUMAN,FRYLLETECNFLFTDNFS,205,222,Q96T68,TRUE
261,sp|Q9C0A1|ZFHX2_HUMAN,GAEAGAELGL,859,868,Q9C0A1,TRUE
262,sp|O43474|KLF4_HUMAN,RRETEEFNDLLDLDFILSNSLTH,92,114,O43474,TRUE
263,sp|O75820|ZN189_HUMAN,EDVAVFFTQEEWDYLDPAQRSLYKDVM,16,42,O75820,TRUE
264,sp|Q13285|STF1_HUMAN,ADQMTLLQNCWS,291,302,Q13285,TRUE
265,sp|P23025|XPA_HUMAN,VICEECGKEFMDSYLMNH,102,119,P23025,TRUE
266,sp|O60663|LMX1B_HUMAN,IDSDTSLTSLS,358,368,O60663,TRUE
267,sp|P01106|MYC_HUMAN,DLDYDSVQPYFYCDEE,12,27,P01106,TRUE
268,sp|P01106|MYC_HUMAN,SFICDPDDETFIKNIIIQDC,113,132,P01106,TRUE
269,sp|Q9Y5R6|DMRT1_HUMAN,TYYSSFYQPSLFPYYNNL,207,224,Q9Y5R6,TRUE
270,sp|Q9NP62|GCM1_HUMAN,EMTYLGLDHCNND,414,426,Q9NP62,TRUE
271,sp|O43422|P52K_HUMAN,SLNEVMENIEVYHEFWFEEATNL,519,541,O43422,TRUE
272,sp|O43422|P52K_HUMAN,NINFDIKHDL,723,732,O43422,TRUE
273,sp|Q9NS37|ZHANG_HUMAN,GLELADLLDPRQP,103,115,Q9NS37,TRUE
274,sp|Q8NFU7|TET1_HUMAN,VFYQHKNLNKPQHGFELNKIKF,2046,2067,Q8NFU7,TRUE
275,sp|Q14765|STAT4_HUMAN,IKFLEQVDQFYDDNFPMEIRHLLAQWIE,11,38,Q14765,TRUE
276,sp|Q14765|STAT4_HUMAN,SNNETMATILL,46,56,Q14765,TRUE
277,sp|Q9NQX1|PRDM5_HUMAN,YLAVEDIETDTELLI,106,120,Q9NQX1,TRUE
278,sp|P50553|ASCL1_HUMAN,PLSPEEQELLDFTN,220,233,P50553,TRUE
279,sp|Q96NZ1|FOXN4_HUMAN,NTEVDALDPSIMDFALQGNLWEEMKDEGFSLDTLG,414,448,Q96NZ1,TRUE
280,sp|Q92731|ESR2_HUMAN,RDEGKCVEGILEI,363,375,Q92731,TRUE
281,sp|Q15596|NCOA2_HUMAN,LAELIFANFNDIDNF,48,62,Q15596,TRUE
282,sp|Q15596|NCOA2_HUMAN,ALGPMMLEALDGFFF,113,127,Q15596,TRUE
283,sp|Q15596|NCOA2_HUMAN,PELVSQSQAVDPEQFSSQDSNIML,1102,1125,Q15596,TRUE
284,sp|Q15911|ZFHX3_HUMAN,IRTSNLNYQCKKCSLVF,2320,2336,Q15911,TRUE
285,sp|Q15911|ZFHX3_HUMAN,ASPGENDSGTGGEEPQRDK,2623,2641,Q15911,TRUE
286,sp|Q9NX65|ZSC32_HUMAN,LLVLEQFLTIL,78,88,Q9NX65,TRUE
287,sp|Q6NT04|TIGD7_HUMAN,RESLDYLLDFVDATPEFQR,480,498,Q6NT04,TRUE
288,sp|O43147|SGSM2_HUMAN,DSELEKSVYWD,304,314,O43147,TRUE
289,sp|O43147|SGSM2_HUMAN,ERLRDVMCSYVWEHLDVGYVQGMCDLLAPLLVTLDN,816,851,O43147,TRUE
290,sp|O43147|SGSM2_HUMAN,ILDSELFELMHQNGDYTH,889,906,O43147,TRUE
291,sp|Q92908|GATA6_HUMAN,GPGGNLSSWEDLLLFTDLDQAATA,100,123,Q92908,TRUE
292,sp|P04637|P53_HUMAN,AMDDLMLSPDDIEQWFTE,38,55,P04637,TRUE
293,sp|P08651|NFIC_HUMAN,LCLTQDEFHPFIEA,5,18,P08651,TRUE
294,sp|P57071|PRD15_HUMAN,KFSDCEFPYEFCTVCFSPFK,236,255,P57071,TRUE
295,sp|P57071|PRD15_HUMAN,AEDGSEEIMFIWCEDCSQYHD,301,321,P57071,TRUE
296,sp|Q9HCL3|ZFP14_HUMAN,RDVAIDFSQEEWEFLDPAQRDLYRDVMWENY,8,38,Q9HCL3,TRUE
297,sp|Q9HCL3|ZFP14_HUMAN,IYSFQWDIME,97,106,Q9HCL3,TRUE
298,sp|Q8WTR7|ZN473_HUMAN,KDVGMDFTLGDWEQLGLEQGDTFWDTALDNCQDLFLLD,8,45,Q8WTR7,TRUE
299,sp|Q8WTR7|ZN473_HUMAN,LMEDFFEEGFSQEIIEMLSKDGFWNSNFGEACIEDTWLDSLLGDPESLL,84,132,Q8WTR7,TRUE
300,sp|Q8N883|ZN614_HUMAN,LTLEDVAVEFSWEEWQLLDTAQKNLYRDV,7,35,Q8N883,TRUE
301,sp|Q9P215|POGK_HUMAN,PALFDEVAIYFSDEEWEVLT,45,64,Q9P215,TRUE
302,sp|Q9P215|POGK_HUMAN,RDITELPEWSEGYPFYMAMGFPGYDLSA,155,182,Q9P215,TRUE
303,sp|P51449|RORG_HUMAN,IFDFSHSLSALHFSEDE,399,415,P51449,TRUE
304,sp|Q8N1G0|ZN687_HUMAN,PDFDDLLAAFDIPDIDA,6,22,Q8N1G0,TRUE
305,sp|Q15047|SETB1_HUMAN,IERYLFETGCDFLFLEMFCLDPYVLV,640,665,Q15047,TRUE
306,sp|Q8TEY5|CR3L4_HUMAN,DLGIPDLLDAWLEPPEDIFSTGSV,1,24,Q8TEY5,TRUE
307,sp|Q96K75|ZN514_HUMAN,FEDVAVEFSQWEWGQLNP,2,19,Q96K75,TRUE
308,sp|Q96S65|CSRN1_HUMAN,LSPPGDASSCF,541,551,Q96S65,TRUE
309,sp|Q96S65|CSRN1_HUMAN,LMGFSEPAAEAL,555,566,Q96S65,TRUE
310,sp|O75469|NR1I2_HUMAN,SYCLEDTAGGF,304,314,O75469,TRUE
311,sp|P51814|ZNF41_HUMAN,DQPIGEDSLCSI,163,174,P51814,TRUE
312,sp|Q9GZV8|PRD14_HUMAN,NQELLVWYGDCYEKFL,358,373,Q9GZV8,TRUE
313,sp|P54274|TERF1_HUMAN,VAEAEAVAAGW,66,76,P54274,TRUE
314,sp|Q15406|NR6A1_HUMAN,MLIEDGYAVTQAELFA,269,284,Q15406,TRUE
315,sp|Q9UL59|ZN214_HUMAN,EEKFRYLEYENFSYWQGWWNAGAQMY,52,77,Q9UL59,TRUE
316,sp|Q12778|FOXO1_HUMAN,ERLDCDMESIIRNDLMDGDTLDFNF,607,631,Q12778,TRUE
317,sp|P10828|THB_HUMAN,IFDLGMSLSSFNLDDTE,352,368,P10828,TRUE
318,sp|P10828|THB_HUMAN,FPPLFLEVFE,450,459,P10828,TRUE
319,sp|A6NI15|MSGN1_HUMAN,DGLGSSDSPGL,12,22,A6NI15,TRUE
320,sp|P08235|MCR_HUMAN,PFMDGSYFSFMDDKDYYSLSGI,450,471,P08235,TRUE
321,sp|P08235|MCR_HUMAN,KLLDSMHDLVSDLLEFCFYTFRE,925,947,P08235,TRUE
322,sp|O60870|KIN17_HUMAN,QQFMDYFSEEFRN,61,73,O60870,TRUE
323,sp|Q01543|FLI1_HUMAN,QWLEWAIKEYSL,139,150,Q01543,TRUE
324,sp|Q8IVP9|ZN547_HUMAN,EDVAIYFSQEEWGHLDE,13,29,Q8IVP9,TRUE
325,sp|Q6PK81|ZN773_HUMAN,EDVAVYFSQEEWRLLD,17,32,Q6PK81,TRUE
326,sp|Q68DI1|ZN776_HUMAN,QEEWSLLSEAQRCLYHDVMLE,24,44,Q68DI1,TRUE
327,sp|Q9Y2P7|ZN256_HUMAN,SWKEWGLLDE,23,32,Q9Y2P7,TRUE
328,sp|Q8WYP5|ELYS_HUMAN,MYEVCQEMGLMEDLLKLPFTDTE,911,933,Q8WYP5,TRUE
329,sp|P43354|NR4A2_HUMAN,DLPKADQDLLFES,428,440,P43354,TRUE
330,sp|P43354|NR4A2_HUMAN,IVEFSSNLQNMNID,485,498,P43354,TRUE
331,sp|Q8TBJ5|FEZF2_HUMAN,DSTAYPPSELLS,175,186,Q8TBJ5,TRUE
332,sp|Q96AP4|ZUP1_HUMAN,CKLSGVNYDEMC,33,44,Q96AP4,TRUE
333,sp|Q96AP4|ZUP1_HUMAN,CDQPLYDCPMCGLICTNYHIL,187,207,Q96AP4,TRUE
334,sp|Q8NA19|LMBL4_HUMAN,LLVHFDNWDDSYDYWCDVNSPYVQPVG,221,247,Q8NA19,TRUE
335,sp|Q8NA19|LMBL4_HUMAN,YWVEADSPDIHPIG,338,351,Q8NA19,TRUE
336,sp|Q9P0U4|CXXC1_HUMAN,INCFMIGCDNCNEWF,35,49,Q9P0U4,TRUE
337,sp|Q9P0U4|CXXC1_HUMAN,DEDLPLDPDLYQDFCAGAFDDHGLPWMS,280,307,Q9P0U4,TRUE
338,sp|Q96E29|MTEF3_HUMAN,NISSFDSELFLEELDELPPLSPMQP,99,123,Q96E29,TRUE
339,sp|Q96E29|MTEF3_HUMAN,EIFCEEIAKA,395,404,Q96E29,TRUE
340,sp|P17023|ZNF19_HUMAN,LDICRFGLPEFF,441,452,P17023,TRUE
341,sp|P11308|ERG_HUMAN,QWLEWAVKEYG,147,157,P11308,TRUE
342,sp|P15036|ETS2_HUMAN,ERFLELAPDFVGDILWEHLE,144,163,P15036,TRUE
343,sp|Q96BA8|CR3L1_HUMAN,FPADRLFPGSSFLDLGDLNESDFLNNAHFPEHLDHFTENMEDFSNDLFSSFFDDPVLDEKSPL,7,69,Q96BA8,TRUE
344,sp|Q5T7W0|ZN618_HUMAN,WNSVTDSLLLV,693,703,Q5T7W0,TRUE
345,sp|Q5T7W0|ZN618_HUMAN,YLQEPLFQATPDLF,876,889,Q5T7W0,TRUE
346,sp|Q9UIE0|ZN230_HUMAN,LLDPAQRKLYQD,23,34,Q9UIE0,TRUE
347,sp|A6NK53|ZN233_HUMAN,RLRFLSYEDL,93,102,A6NK53,TRUE
348,sp|O43918|AIRE_HUMAN,ESLLSEHTFDGILQ,516,529,O43918,TRUE
349,sp|Q6ZN08|ZNF66_HUMAN,DVAIEFSLEEWHCLDMAQRNLYRDV,7,31,Q6ZN08,TRUE
350,sp|O43345|ZN208_HUMAN,DVAIEFSLEEWQCLDTAQQNLYRN,7,30,O43345,TRUE
351,sp|O15156|ZBT7B_HUMAN,LDFVGPEALGALLEF,90,104,O15156,TRUE
352,sp|Q96JL9|ZN333_HUMAN,TFEDVAVEFIQEW,4,16,Q96JL9,TRUE
353,sp|Q96JL9|ZN333_HUMAN,ADVAVVFTPEEWVFLD,205,220,Q96JL9,TRUE
354,sp|Q96N20|ZN75A_HUMAN,EWELLDPTQKALYNDVMQE,6,24,Q96N20,TRUE
355,sp|Q9Y692|GMEB1_HUMAN,EDTLMFWKGIADVGLME,253,269,Q9Y692,TRUE
356,sp|Q5VVJ2|MYSM1_HUMAN,CFMAEEFLTEIENLFLSN,790,807,Q5VVJ2,TRUE
357,sp|Q96IT1|ZN496_HUMAN,KDMILCFSEEDWSLLDPAQTGFYGEFIIGE,223,252,Q96IT1,TRUE
358,sp|P78545|ELF3_HUMAN,DLTSSSSDELSWIIELLEKDGMAFQEA,126,152,P78545,TRUE
359,sp|Q9UIH9|KLF15_HUMAN,GGLGTESQDSI,65,75,Q9UIH9,TRUE
360,sp|Q9NQ87|HEYL_HUMAN,TPTGPLAFPAWP,164,175,Q9NQ87,TRUE
361,sp|Q9NQV7|PRDM9_HUMAN,QDDDYLYCEMCQNFFIDSCA,197,216,Q9NQV7,TRUE
362,sp|Q17RP2|TIGD6_HUMAN,YSPDDIFNADET,169,180,Q17RP2,TRUE
363,sp|Q17RP2|TIGD6_HUMAN,ANQWAWMTRD,249,258,Q17RP2,TRUE
364,sp|Q17RP2|TIGD6_HUMAN,VTADDDLIISQD,420,431,Q17RP2,TRUE
365,sp|P17014|ZNF12_HUMAN,EQGEEPWIVEGEFLLQSYPDEVWQTD,60,85,P17014,TRUE
366,sp|A6NJT0|UNC4_HUMAN,AFNESHYPDVF,122,132,A6NJT0,TRUE
367,sp|O95125|ZN202_HUMAN,DLDPTQKEFYGEYVLEE,252,268,O95125,TRUE
368,sp|Q96LU7|MRFL_HUMAN,TLENPALDTSLLEEFLGNDFDLG,21,43,Q96LU7,TRUE
369,sp|Q96LU7|MRFL_HUMAN,DTTISSIQIME,764,774,Q96LU7,TRUE
370,sp|Q96LU7|MRFL_HUMAN,DLADCSTDPYFAGIF,882,896,Q96LU7,TRUE
371,sp|P15918|RAG1_HUMAN,MEEDILEGMRSQDLDDY,572,588,P15918,TRUE
372,sp|P15918|RAG1_HUMAN,HCDIGNAAEF,797,806,P15918,TRUE
373,sp|O43313|ATMIN_HUMAN,LEMFDTQTQTDLNFFLD,696,712,O43313,TRUE
374,sp|O43313|ATMIN_HUMAN,LFFTSNETQTAMDDFLLADLAWNTMESQ,777,804,O43313,TRUE
375,sp|Q8WXB4|ZN606_HUMAN,DQSWGMTAVDPWASWALCP,14,32,Q8WXB4,TRUE
376,sp|Q8WXB4|ZN606_HUMAN,QEEWGQLDLVQRTLYRD,72,88,Q8WXB4,TRUE
377,sp|Q8WXB4|ZN606_HUMAN,KLERYIWDDPWFSRLEVLGCKD,159,180,Q8WXB4,TRUE
378,sp|Q9BRJ9|MESP1_HUMAN,LPGDVLALLETWMPLSPLE,242,260,Q9BRJ9,TRUE
379,sp|P42226|STAT6_HUMAN,LGDWLESQPWEFLVGSDAFCCNLASA,29,54,P42226,TRUE
380,sp|P84022|SMAD3_HUMAN,QPVTYCEPAFWCSI,221,234,P84022,TRUE
381,sp|Q10587|TEF_HUMAN,KTIPYDGESFHLEYMDLDEFLLENGIPASPTH,84,115,Q10587,TRUE
382,sp|Q05481|ZNF91_HUMAN,RDVAIEFSPE,15,24,Q05481,TRUE
383,sp|Q86YP4|P66A_HUMAN,ANNEFIYLVGL,379,389,Q86YP4,TRUE
384,sp|Q96N77|ZN641_HUMAN,WRSLDPSQTDFYGEYVMQ,122,139,Q96N77,TRUE
385,sp|Q8N7M2|ZN283_HUMAN,SQEEWECLDPAQRDLYVDVML,82,102,Q8N7M2,TRUE
386,sp|Q96NG5|ZN558_HUMAN,WLRGLVTFEDVAVEFTQ,37,53,Q96NG5,TRUE
387,sp|Q96LX8|ZN597_HUMAN,FKPLQCPDCDM,337,347,Q96LX8,TRUE
388,sp|Q9H5L6|THAP9_HUMAN,ETECLLRAQFSDFKWEL,182,198,Q9H5L6,TRUE
389,sp|Q9H5L6|THAP9_HUMAN,RETDEYSAEMKQFA,202,215,Q9H5L6,TRUE
390,sp|Q9H5L6|THAP9_HUMAN,ESVASALEYLLSLDL,483,497,Q9H5L6,TRUE
391,sp|Q06330|SUH_HUMAN,FIHLLDDDESEGEEF,220,234,Q06330,TRUE
392,sp|Q7RTS3|PTF1A_HUMAN,EHFPGGLDAFPSSYFDEDDFFTDQSSRDPLEDGDE,6,40,Q7RTS3,TRUE
393,sp|Q7RTS3|PTF1A_HUMAN,EQAEVEFLSHQLHEY,45,59,Q7RTS3,TRUE
394,sp|P40763|STAT3_HUMAN,LHQLYSDSFPMELRQFLAPWIE,17,38,P40763,TRUE
395,sp|O15062|ZBTB5_HUMAN,EVVTAEAFAALIDMMYTSTLM,69,89,O15062,TRUE
396,sp|Q8TCN5|ZN507_HUMAN,EVISDAEENLIP,362,373,Q8TCN5,TRUE
397,sp|Q8TCN5|ZN507_HUMAN,APPSMEYCVL,899,908,Q8TCN5,TRUE
398,sp|Q6ZSB9|ZBT49_HUMAN,YTSHLDLNQDNIQV,82,95,Q6ZSB9,TRUE
399,sp|Q9ULD9|ZN608_HUMAN,GDDWEIGVGN,22,31,Q9ULD9,TRUE
400,sp|O75461|E2F6_HUMAN,DALDELIKDC,154,163,O75461,TRUE
401,sp|Q9Y2D1|ATF5_HUMAN,GFSDWMTERVDFTAL,61,75,Q9Y2D1,TRUE
402,sp|Q9Y2D1|ATF5_HUMAN,SFDLPQPPVLDTLDL,146,160,Q9Y2D1,TRUE
403,sp|Q01954|BNC1_HUMAN,ENLISNMTFMLPFQFF,233,248,Q01954,TRUE
404,sp|Q96JB3|HIC2_HUMAN,DTDMVSSTVFQQI,83,95,Q96JB3,TRUE
405,sp|Q8WW38|FOG2_HUMAN,EFGPENLSCEE,48,58,Q8WW38,TRUE
406,sp|Q8IY51|TIGD4_HUMAN,TFSLLDAVDT,348,357,Q8IY51,TRUE
407,sp|Q96MU6|ZN778_HUMAN,GWLINCYQDAVTFDDVAVDFTQEEWTLLDPSQRDLYRDVM,31,70,Q96MU6,TRUE
408,sp|Q9UDV6|ZN212_HUMAN,EQEWENLEDWQKELYRNVME,151,170,Q9UDV6,TRUE
409,sp|Q9UDV7|ZN282_HUMAN,AVYFSEDEWKNLDEWQKELYNNL,203,225,Q9UDV7,TRUE
410,sp|Q9NQV6|PRD10_HUMAN,WEPDPPRPFDPH,159,170,Q9NQV6,TRUE
411,sp|Q9NQV6|PRD10_HUMAN,LHEDLWFELSDETLCNWMMFVR,266,287,Q9NQV6,TRUE
412,sp|Q99743|NPAS2_HUMAN,KPSFLSNEEFTQLMLEALDGFIIA,75,98,Q99743,TRUE
413,sp|Q99743|NPAS2_HUMAN,PFEVLGTSGYDYYHIDDLE,275,293,Q99743,TRUE
414,sp|P52630|STAT2_HUMAN,AALGSDDSKATMLFFHFLDQLNYECGRCSQD,46,76,P52630,TRUE
415,sp|P52630|STAT2_HUMAN,ELELGLVPEPELSLDLEPLLKAGLDLGPEL,721,750,P52630,TRUE
416,sp|P32314|FOXN2_HUMAN,LTNLNWLHESTNLLTNFSLGSEGL,55,78,P32314,TRUE
417,sp|Q8NDP4|ZN439_HUMAN,VAFKDVAVNFTQEE,18,31,Q8NDP4,TRUE
418,sp|Q8NDP4|ZN439_HUMAN,ALLDISQKNLYRE,33,45,Q8NDP4,TRUE
419,sp|Q6V9R5|ZN562_HUMAN,DDVAVEFTPEEWALLDTTQKYLYRDVMLENYMNLASVDFFFCLTS,43,87,Q6V9R5,TRUE
420,sp|Q5VUA4|ZN318_HUMAN,NEKYKKYVDENPLY,1160,1173,Q5VUA4,TRUE
421,sp|Q8N587|ZN561_HUMAN,SVTFDDVAVDFTPEEWALLDTTEKYLYRDVMLENY,39,73,Q8N587,TRUE
422,sp|Q8IVC4|ZN584_HUMAN,LVMFEDVTVY,15,24,Q8IVC4,TRUE
423,sp|Q96GC6|ZN274_HUMAN,VTFEDVTLGFTPEEWGLLD,13,31,Q96GC6,TRUE
424,sp|Q12830|BPTF_HUMAN,DSVNSTLYFIDGM,311,323,Q12830,TRUE
425,sp|Q12830|BPTF_HUMAN,VQLAELIDCLDKDYWEAELCKILEEMRE,497,524,Q12830,TRUE
426,sp|Q3SY52|ZIK1_HUMAN,VTFEDIAIYFSQDEWGLLDEAQRLLYLEVM,26,55,Q3SY52,TRUE
427,sp|Q9Y6Y1|CMTA1_HUMAN,LDHFDISFSNQFSDLINDFISVEGGS,761,786,Q9Y6Y1,TRUE
428,sp|Q9Y6Y1|CMTA1_HUMAN,WDRRAISIPDSLGRL,1131,1145,Q9Y6Y1,TRUE
429,sp|Q96NI8|ZN570_HUMAN,RDVAVDFSQEEWDCLDSSQRHLYSNVM,16,42,Q96NI8,TRUE
430,sp|Q68EA5|ZNF57_HUMAN,VVFEDVAVDFTLEEWALLDSAQRDLYRDV,3,31,Q68EA5,TRUE
431,sp|Q9HAH1|ZN556_HUMAN,VVFEDVVVDFTLEE,3,16,Q9HAH1,TRUE
432,sp|Q86TJ5|ZN554_HUMAN,VTFEDVSMDFSQEEWELLEPAQK,44,66,Q86TJ5,TRUE
433,sp|Q9BQA5|HINFP_HUMAN,DDPLEEEFSCLWQECGFCSLDSS,56,78,Q9BQA5,TRUE
434,sp|Q9BQA5|HINFP_HUMAN,SRNVIPDIPDHFLCLWEHCENSFDNPEWFYRHVEA,117,151,Q9BQA5,TRUE
435,sp|Q8TC21|ZN596_HUMAN,MTFEDIIVDFTQEEWALLDTSQRKLFQD,6,33,Q8TC21,TRUE
436,sp|P13631|RARG_HUMAN,VFAFAGQLLPLEMDDTETGLLSAIC,310,334,P13631,TRUE
437,sp|Q04206|TF65_HUMAN,QFDDEDLGALLGNS,443,456,Q04206,TRUE
438,sp|Q04206|TF65_HUMAN,DEDFSSIADMDFSA,530,543,Q04206,TRUE
439,sp|Q8NEM1|ZN680_HUMAN,LTFRDVAIEFSLE,12,24,Q8NEM1,TRUE
440,sp|Q8TF39|ZN483_HUMAN,EVLLENLRNLEF,196,207,Q8TF39,TRUE
441,sp|Q8TF39|ZN483_HUMAN,SKLELISQLKW,213,223,Q8TF39,TRUE
442,sp|Q9ULJ3|ZBT21_HUMAN,ESQTVFQLDFCEPDAFDNVLNYIYSSSLF,64,92,Q9ULJ3,TRUE
443,sp|Q8TAU3|ZN417_HUMAN,VAVNFSQEEWCLLSEAQRCLYRDVM,19,43,Q8TAU3,TRUE
444,sp|Q6B0B8|TIGD3_HUMAN,PASYHPDLGIPWLEWLAQFDR,231,251,Q6B0B8,TRUE
445,sp|Q6B0B8|TIGD3_HUMAN,LFEKFYDCEEEVERL,453,467,Q6B0B8,TRUE
446,sp|P14652|HXB2_HUMAN,RQDSPFLPDLNFFAADSCLQL,297,317,P14652,TRUE
447,sp|P14652|HXB2_HUMAN,LDSPVPFSEEELDFFTSTLCAIDLQ,329,353,P14652,TRUE
448,sp|Q8IWI9|MGAP_HUMAN,TFQVEHLGTGLKELPDVQGESDS,2873,2895,Q8IWI9,TRUE
449,sp|Q6EKJ0|GTD2B_HUMAN,TTLLYELDSQYGS,691,703,Q6EKJ0,TRUE
450,sp|Q6EKJ0|GTD2B_HUMAN,SSRGKPLPQLSSIDWI,734,749,Q6EKJ0,TRUE
451,sp|Q6EKJ0|GTD2B_HUMAN,SSPFSTKIDSV,850,860,Q6EKJ0,TRUE
452,sp|Q8IUM7|NPAS4_HUMAN,KCQELDFLADPDNMFLEETPVEDIFMDLS,689,717,Q8IUM7,TRUE
453,sp|Q8IUM7|NPAS4_HUMAN,DLATYETAFETGVSAF,755,770,Q8IUM7,TRUE
454,sp|Q14995|NR1D2_HUMAN,HSMGAGDLLNSMFEFSEKLNALQLSDEEM,474,502,Q14995,TRUE
455,sp|Q8TBB0|THAP6_HUMAN,TANRLDTFCWDCCQESIEQDY,199,219,Q8TBB0,TRUE
456,sp|Q8IZM8|ZN654_HUMAN,FPECHELFEDLPLLYEH,300,316,Q8IZM8,TRUE
457,sp|P35638|DDIT3_HUMAN,PFSFGTLSSWELEAWYEDLQEVLSSD,6,31,P35638,TRUE
458,sp|P17030|ZNF25_HUMAN,FPHRGFPEDL,72,81,P17030,TRUE
459,sp|Q15935|ZNF77_HUMAN,FEEVAVNFTPEEWALLDH,5,22,Q15935,TRUE
460,sp|Q15935|ZNF77_HUMAN,KFTGSDSWSI,72,81,Q15935,TRUE
461,sp|Q9HAP2|MLXIP_HUMAN,MEEDPLLDTDMLMSEFSDTLFST,265,287,Q9HAP2,TRUE
462,sp|Q9HAP2|MLXIP_HUMAN,LIPLQPNLDFMDTFEPFQDLFSSSR,315,339,Q9HAP2,TRUE
463,sp|P43268|ETV4_HUMAN,PPLDSEDLFQDLSHFQETWLAEAQVPD,45,71,P43268,TRUE
464,sp|Q6PF04|ZN613_HUMAN,LTLEDVAVEFTWEEWQLLGPAQKDLYRDV,7,35,Q6PF04,TRUE
465,sp|Q494X3|ZN404_HUMAN,SDVAIDFSQEEWEYLNSDQRDLYRDVMLENYTNLVSLD,8,45,Q494X3,TRUE
466,sp|P52742|ZN135_HUMAN,VERFLWDGLWYCRGEDTEGHWEWSCE,112,137,P52742,TRUE
467,sp|P35716|SOX11_HUMAN,GEDADDLMFDLSLN,354,367,P35716,TRUE
468,sp|P35716|SOX11_HUMAN,FSEGSLGSHFEFPDYCTPELSEMIAGDWLEANFSDLVF,401,438,P35716,TRUE
469,sp|O75398|DEAF1_HUMAN,EPRSWLYLEE,448,457,O75398,TRUE
470,sp|Q8NAP3|ZBT38_HUMAN,VLELDDLKAEVFT,72,84,Q8NAP3,TRUE
471,sp|O15370|SOX12_HUMAN,TEMIAGDWRP,295,304,O15370,TRUE
472,sp|O75444|MAF_HUMAN,GYPQQLNPEAL,95,105,O75444,TRUE
473,sp|Q8WYN3|CSRN3_HUMAN,DDDIDLDNTEVD,157,168,Q8WYN3,TRUE
474,sp|Q8N859|ZN713_HUMAN,IMERLAGDSFWYSILGGLWDFDYHPEF,115,141,Q8N859,TRUE
475,sp|Q8N7U7|TPRX1_HUMAN,DFLPDTQLFPHFTELLLPLD,341,360,Q8N7U7,TRUE
476,sp|Q9H707|ZN552_HUMAN,QRCLYRDVTL,34,43,Q9H707,TRUE
477,sp|O95365|ZBT7A_HUMAN,EIDFVSAEALTALMDF,75,90,O95365,TRUE
478,sp|Q96MM3|ZFP42_HUMAN,YIECVIRGEFSQPILEEDS,71,89,Q96MM3,TRUE
479,sp|Q8IVW6|ARI3B_HUMAN,LDGDPERKEFLDDL,211,224,Q8IVW6,TRUE
480,sp|Q13106|ZN154_HUMAN,FEDVAVHFSWEEWGLLDEAQRCLYRDVM,15,42,Q13106,TRUE
481,sp|Q4W5G0|TIGD2_HUMAN,WTENLLDYLEQQDDML,483,498,Q4W5G0,TRUE
482,sp|O15014|ZN609_HUMAN,GDEWDIGVGNLIID,23,36,O15014,TRUE
483,sp|Q7Z3V5|ZN571_HUMAN,RDVAIDFSQEEWECLDPAQRDLYRDVMLENY,8,38,Q7Z3V5,TRUE
484,sp|Q3KQV3|ZN792_HUMAN,TFEDVTIYFSQEEWVLLDEAQRLLYCDVML,14,43,Q3KQV3,TRUE
485,sp|Q8N141|ZFP82_HUMAN,SDVSIDFSPEEWEYLDLEQKDLYRDVMLENYSN,8,40,Q8N141,TRUE
486,sp|Q6DJT9|PLAG1_HUMAN,PLNTPALDFSQLFNFIPLNGPPY,409,431,Q6DJT9,TRUE
487,sp|Q2KHR2|RFX7_HUMAN,PFDDELTQDSIVEELV,779,794,Q2KHR2,TRUE
488,sp|A6NP11|ZN716_HUMAN,FRDIAIEFSL,17,26,A6NP11,TRUE
489,sp|A6NP11|ZN716_HUMAN,WQCLDHAQQNL,29,39,A6NP11,TRUE
490,sp|Q70SY1|CR3L2_HUMAN,GEALMYHTHFSELLDEFSQNVLGQLLN,26,52,Q70SY1,TRUE
491,sp|Q6ZS27|ZN662_HUMAN,QDLMVLSSGP,105,114,Q6ZS27,TRUE
492,sp|Q9Y4A0|JERKL_HUMAN,NHAAALQWTENLLDYLE,476,492,Q9Y4A0,TRUE
493,sp|Q5H9I0|TFDP3_HUMAN,FNSSFEIHDDTEVLMWMGMTFG,281,302,Q5H9I0,TRUE
494,sp|Q6P9A1|ZN530_HUMAN,EDVAIYFSQEEWELLDEMQRLLYRDVML,16,43,Q6P9A1,TRUE
495,sp|Q99929|ASCL2_HUMAN,LSPAERELLDFSS,175,187,Q99929,TRUE
496,sp|Q6ZMV8|ZN730_HUMAN,FRDVAIEFSLEEWQCLDTEQQNLYRNVM,5,32,Q6ZMV8,TRUE
497,sp|Q9BT49|THAP7_HUMAN,SEYIYFCSKHFEEDCFEL,57,74,Q9BT49,TRUE
498,sp|P98177|FOXO4_HUMAN,LDLDMYMENLECDMDNIISDLMDEGEGLD,469,497,P98177,TRUE
499,sp|Q6P2D0|ZFP1_HUMAN,QEEWEQLDPSQRILYMDVMLENY,18,40,Q6P2D0,TRUE
500,sp|P35789|ZNF93_HUMAN,RDVAIEFSLEEWHCLDTAQRNLYRNV,6,31,P35789,TRUE
501,sp|Q9NUA8|ZBT40_HUMAN,SIDASVVSPEEFA,59,71,Q9NUA8,TRUE
502,sp|A1YPR0|ZBT7C_HUMAN,EIDFVQPEALAAI,75,87,A1YPR0,TRUE
503,sp|A1YPR0|ZBT7C_HUMAN,PDFFPHLWPGDFGAFAQLP,252,270,A1YPR0,TRUE
504,sp|Q8TF47|ZFP90_HUMAN,YHVDPAQRSLYRDV,28,41,Q8TF47,TRUE
505,sp|Q8HWS3|RFX6_HUMAN,INGNFEEIQHFLLHFWQGMPD,279,299,Q8HWS3,TRUE
506,sp|Q8HWS3|RFX6_HUMAN,LADIRNFAKNWEQW,342,355,Q8HWS3,TRUE
507,sp|Q00613|HSF1_HUMAN,MLSSHGFSVDTSALLDLFSPSVTVPDMSLPD,400,430,Q00613,TRUE
508,sp|Q00613|HSF1_HUMAN,GSVDTGSNDLPVLFELGEGSYFSEGDGF,478,505,Q00613,TRUE
509,sp|Q9H2W2|MIXL1_HUMAN,GSKLDSWEEHIF,214,225,Q9H2W2,TRUE
510,sp|Q96JC4|ZN479_HUMAN,FRDIAIEFSLEEWQCLDCAQRNLYRDV,17,43,Q96JC4,TRUE
511,sp|P59923|ZN445_HUMAN,KDVEVTFSQDEWGWLDSAQRNLYRDVM,236,262,P59923,TRUE
512,sp|O60678|ANM3_HUMAN,EKEEYLKPVLEDDLLLQFDVEDLYEPVS,115,142,O60678,TRUE
513,sp|O60678|ANM3_HUMAN,KVDVIISEWMGY,321,332,O60678,TRUE
514,sp|Q9H930|SP14L_HUMAN,VLEALFSEVNMQ,120,131,Q9H930,TRUE
515,sp|Q9H7B4|SMYD3_HUMAN,DASQLPPAFDLFEAFA,160,175,Q9H7B4,TRUE
516,sp|Q9H7B4|SMYD3_HUMAN,QLKVLDCAMDACINLGLLEEALFY,326,349,Q9H7B4,TRUE
517,sp|Q92985|IRF7_HUMAN,LLGEISSGCYEGLQW,17,31,Q92985,TRUE
518,sp|Q92985|IRF7_HUMAN,CLSSANSLYDDIECFLMELEQP,480,501,Q92985,TRUE
519,sp|Q9Y468|LMBL1_HUMAN,FLVHFDNWDDTYDYWCDPSSPYI,442,464,Q9Y468,TRUE
520,sp|Q9Y468|LMBL1_HUMAN,HFDGWSHGYDFWIDADHPDI,549,568,Q9Y468,TRUE
521,sp|Q9H5J0|ZBTB3_HUMAN,HNEIVTAPAF,116,125,Q9H5J0,TRUE
522,sp|P10243|MYBA_HUMAN,FAETLELIESDPVAWSDV,357,374,P10243,TRUE
523,sp|Q3KNS6|ZN829_HUMAN,DFSQEEWECLDADQMNLYKEVML,42,64,Q3KNS6,TRUE
524,sp|Q14586|ZN267_HUMAN,WEHLEPAQKNLYQDVM,17,32,Q14586,TRUE
525,sp|Q969W8|ZN566_HUMAN,SDVSVDFSQEEWECLNDDQRDLYRDVM,8,34,Q969W8,TRUE
526,sp|Q6P280|ZN529_HUMAN,VMPEVEFPDQFFTVLTMDHELVTLRDVVINFSQEEWEYLDSAQRNLYWDVMMENYS,17,72,Q6P280,TRUE
527,sp|A6NJG6|ARGFX_HUMAN,VASVPALYSDAYDIFQIIELYNLPDENEISS,213,243,A6NJG6,TRUE
528,sp|O43361|ZN749_HUMAN,MVFEDVAIYFSQEEWGILND,7,26,O43361,TRUE
529,sp|P17021|ZNF17_HUMAN,MVFEDVAIHFSQEEWGILNDVQRHLHSDVML,7,37,P17021,TRUE
530,sp|Q8NEP9|ZN555_HUMAN,VVFEDVAVDFTLEEWALLDSAQRDLYRDVM,3,32,Q8NEP9,TRUE
531,sp|P51815|ZN75D_HUMAN,LLTFEDVAVYFSEEEWQLLNPLEKTLYNDVM,233,263,P51815,TRUE
532,sp|O14709|ZN197_HUMAN,EEVSVCFTSEEWACLGPIQRALYWDVMLENYGNVTSLE,219,256,O14709,TRUE
533,sp|B4DXR9|ZN732_HUMAN,TCEECGKDFKWYLIFNEYEIIHTGEKP,195,221,B4DXR9,TRUE
534,sp|Q07869|PPARA_HUMAN,DFAMKFNALELDDSDISLFVAAIIC,359,383,Q07869,TRUE
535,sp|O75030|MITF_HUMAN,DDIISLESSYNEEILGL,227,243,O75030,TRUE
536,sp|Q86UE3|ZN546_HUMAN,SQEEWECLDAVQRDLYKDVML,69,89,Q86UE3,TRUE
537,sp|Q9ULM2|ZN490_HUMAN,LEDVAVNFTLEEWALL,58,73,Q9ULM2,TRUE
538,sp|Q68DY1|ZN626_HUMAN,RDVAIEFSLEEWHCLDTAQRNLYRNV,6,31,Q68DY1,TRUE
539,sp|Q8NA42|ZN383_HUMAN,SDVSIDFSQEEWDCLDPVQRDLYRDVML,8,35,Q8NA42,TRUE
540,sp|Q9BR84|ZN559_HUMAN,VTFEDVAVDFTQEEWTLLDQT,13,33,Q9BR84,TRUE
541,sp|Q13360|ZN177_HUMAN,ALLDPAQKNLYKDV,28,41,Q13360,TRUE
542,sp|Q8NEK5|ZN548_HUMAN,SQEEWGHLDEAQRLLYRDVM,17,36,Q8NEK5,TRUE
543,sp|Q14872|MTF1_HUMAN,LSLQSLDTPSN,720,730,Q14872,TRUE
544,sp|O60281|ZN292_HUMAN,CQLSEFLIEPTVD,388,400,O60281,TRUE
545,sp|O60281|ZN292_HUMAN,HVCPCKESETFV,2640,2651,O60281,TRUE
546,sp|Q8N184|ZN567_HUMAN,EWQHLDHAQKTLYMDVM,18,34,Q8N184,TRUE
547,sp|Q68CP9|ARID2_HUMAN,KLVLSLLSGLPNE,159,171,Q68CP9,TRUE
548,sp|Q68CP9|ARID2_HUMAN,VDQDSYREIICHLTL,394,408,Q68CP9,TRUE
549,sp|Q86YE8|ZN573_HUMAN,EYLDPNQRDLYRDVM,42,56,Q86YE8,TRUE
550,sp|Q86YE8|ZN573_HUMAN,QFTDLDLQCEIISYIEV,95,111,Q86YE8,TRUE
551,sp|Q8NB42|ZN527_HUMAN,WEWLKPSQKDLYRDVML,27,43,Q8NB42,TRUE
552,sp|Q8NB42|ZN527_HUMAN,DWESWCEIEELSPKWFIDEDEISQ,85,108,Q8NB42,TRUE
553,sp|Q6PJQ5|FOXR2_HUMAN,CEFWYSLHGQVPGLLDWDMRNELFLPCTT,7,35,Q6PJQ5,TRUE
554,sp|Q6PJQ5|FOXR2_HUMAN,PNLWMWVDPN,75,84,Q6PJQ5,TRUE
555,sp|A8MTY0|ZN724_HUMAN,FMDVAIEFSVEEWQCLDT,5,22,A8MTY0,TRUE
556,sp|Q32M78|ZN699_HUMAN,DVAVDFTQEEWALLDLAQRNLYRDVM,22,47,Q32M78,TRUE
557,sp|Q01538|MYT1_HUMAN,MEPICEQNFDAYVS,1078,1091,Q01538,TRUE
558,sp|Q96N22|ZN681_HUMAN,RDVAIEFSLEEWQCLDTIQQNLYRN,6,30,Q96N22,TRUE
559,sp|Q9BX82|ZN471_HUMAN,FKDVAIDFSQE,15,25,Q9BX82,TRUE
560,sp|Q9BX82|ZN471_HUMAN,VTQELPLKQFMY,91,102,Q9BX82,TRUE
561,sp|Q9BX82|ZN471_HUMAN,GITSYGLECSTFEENWKWEDLFEKQM,109,134,Q9BX82,TRUE
562,sp|Q6ZNA1|ZN836_HUMAN,EEWKSLDPVQKALYWDVM,19,36,Q6ZNA1,TRUE
563,sp|Q6ZNA1|ZN836_HUMAN,LREIQKNLQD,87,96,Q6ZNA1,TRUE
564,sp|Q86UP8|GTD2A_HUMAN,TTLLYELDSQYGS,691,703,Q86UP8,TRUE
565,sp|Q86UP8|GTD2A_HUMAN,SSRGKPLPQLSSIDWI,734,749,Q86UP8,TRUE
566,sp|Q86UP8|GTD2A_HUMAN,SSPFSTKIDSV,850,860,Q86UP8,TRUE
567,sp|Q8NCP5|ZBT44_HUMAN,LVPDYLNQEQEE,525,536,Q8NCP5,TRUE
568,sp|A6NN14|ZN729_HUMAN,TFRDVTIEFSLEEWQCLDTVQQNLYRDVML,13,42,A6NN14,TRUE
569,sp|Q8N9K5|ZN565_HUMAN,CLEPAQRDLYREV,61,73,Q8N9K5,TRUE
570,sp|Q8N9K5|ZN565_HUMAN,KFLQKDIFEIGAFNWEIMESLKCSDLEGS,124,152,Q8N9K5,TRUE
571,sp|Q15973|ZN124_HUMAN,EDVAVNFTQEEWALL,15,29,Q15973,TRUE
572,sp|Q5MCW4|ZN569_HUMAN,PSRHNLYEYDLF,130,141,Q5MCW4,TRUE
573,sp|Q86T29|ZN605_HUMAN,ISFEDVAVDFTLEEWQLLNPTQKNLYRDVMLENYSNLVFLEVWLDNPK,5,52,Q86T29,TRUE
574,sp|Q6ZV50|RFX8_HUMAN,MMAFLADEYCNYCRDILRNVEDLLTSF,173,199,Q6ZV50,TRUE
575,sp|Q6ZV50|RFX8_HUMAN,DVQLYKGIEDVLLHDFLE,224,241,Q6ZV50,TRUE
576,sp|P62508|ERR3_HUMAN,DDYIMDEDQSKLAGL,327,341,P62508,TRUE
577,sp|Q6ZMW2|ZN782_HUMAN,KPELIFTLEQGEDP,52,65,Q6ZMW2,TRUE
578,sp|Q147U1|ZN846_HUMAN,EDVAVDFTQEEWTLLDQAQRDLYRDV,10,35,Q147U1,TRUE
579,sp|P52737|ZN136_HUMAN,TQEEWALLDPSQKNLYRD,13,30,P52737,TRUE
580,sp|Q9Y2L8|ZKSC5_HUMAN,DCTWMQEYNPPTF,33,45,Q9Y2L8,TRUE
581,sp|Q8TF32|ZN431_HUMAN,LTFRDVAIEFSLEEWECLNPAQQNLYMNVM,34,63,Q8TF32,TRUE
582,sp|Q8TF45|ZN418_HUMAN,SQEEWSLLSEVQRCLYHDVM,14,33,Q8TF45,TRUE
583,sp|Q9H0M5|ZN700_HUMAN,EDVAVNFTQEEWTLLDISQKNLFR,26,49,Q9H0M5,TRUE
584,sp|Q8NHY6|ZFP28_HUMAN,GDVAVDFSQEEWEWLNP,105,121,Q8NHY6,TRUE
585,sp|Q8NHY6|ZFP28_HUMAN,NLEYSLLGEHWDYDALFETQ,208,227,Q8NHY6,TRUE
586,sp|Q86V71|ZN429_HUMAN,TFTDVAIEFSLEEWQCLDT,4,22,Q86V71,TRUE
587,sp|Q6ECI4|ZN470_HUMAN,TDVAIDFSQDEWEWLNL,25,41,Q6ECI4,TRUE
588,sp|Q8IYN0|ZN100_HUMAN,RDVAIEFSLEEWQCLDS,37,53,Q8IYN0,TRUE
589,sp|Q8TD17|ZN398_HUMAN,DVSIYFSTPEWEKLE,146,160,Q8TD17,TRUE
590,sp|Q8N8Z8|ZN441_HUMAN,FEDVAINFTCEEWALLG,5,21,Q8N8Z8,TRUE
591,sp|Q8TAQ5|ZN420_HUMAN,EWECLDSAQRDLYRDVM,18,34,Q8TAQ5,TRUE
592,sp|Q8IYX0|ZN679_HUMAN,FRDVVIEFSLEEWQCLDHAQQNLYRDV,17,43,Q8IYX0,TRUE
593,sp|O95780|ZN682_HUMAN,LTFRDVTIEFSLEEWEFLNP,3,22,O95780,TRUE
594,sp|Q68DY9|ZN772_HUMAN,PIQGQVNFEDVFVYFSQEEWVLLDEAQRLLYRDV,21,54,Q68DY9,TRUE
595,sp|Q9Y2Q1|ZN257_HUMAN,SLEEWHCLDTAQQNLYRDVM,13,32,Q9Y2Q1,TRUE
596,sp|A6NK75|ZNF98_HUMAN,LTFRDVALEFSLEEWQCLDTAQQNLYRN,12,39,A6NK75,TRUE
597,sp|Q8N393|ZN786_HUMAN,TFEDVAIYFSEQEWQDLEA,9,27,Q8N393,TRUE
598,sp|Q8N393|ZN786_HUMAN,VDMHFDPGFE,84,93,Q8N393,TRUE
599,sp|Q8N393|ZN786_HUMAN,ESTQHPWPVC,182,191,Q8N393,TRUE
600,sp|Q6ZMY9|ZN517_HUMAN,EDVAVYFTRIE,16,26,Q6ZMY9,TRUE
601,sp|Q8TD23|ZN675_HUMAN,TFRDVAIEFSLE,4,15,Q8TD23,TRUE
602,sp|Q8IW36|ZN695_HUMAN,RDVALEFSPEEWECLDPAQRSLYRDV,6,31,Q8IW36,TRUE
603,sp|Q9P2J8|ZN624_HUMAN,LTENGLWDSR,154,163,Q9P2J8,TRUE
604,sp|Q8N8J6|ZN615_HUMAN,LTLEDVAVDFTWEEWQFLSPAQKDLYRDVM,7,36,Q8N8J6,TRUE
605,sp|Q8N7K0|ZN433_HUMAN,FEDVAVTFTQEE,8,19,Q8N7K0,TRUE
606,sp|P51508|ZNF81_HUMAN,DTRDDSLYSILE,118,129,P51508,TRUE
607,sp|Q2M3W8|ZN181_HUMAN,FNDVAIDFTHEEWGWLSSAQRDLYKDV,5,31,Q2M3W8,TRUE
608,sp|Q6PG37|ZN790_HUMAN,RDVAVDFSQEEWECLDLEQRDLYRDVMLENYSNMVSLGFC,7,46,Q6PG37,TRUE
609,sp|Q5TA89|HES5_HUMAN,SEGYSWCLQEA,88,98,Q5TA89,TRUE
610,sp|Q86XU0|ZN677_HUMAN,SQEEWECLDPAQRALYRDVM,17,36,Q86XU0,TRUE
611,sp|Q86XU0|ZN677_HUMAN,KEVWENMPKFDSLWD,96,110,Q86XU0,TRUE
612,sp|Q96MR9|ZN560_HUMAN,VTFEDTAVDFTQEEWILLDPVQRNLYRDV,12,40,Q96MR9,TRUE
613,sp|Q96MR9|ZN560_HUMAN,LVTFDSVAVEFTQEEWTLLDP,108,128,Q96MR9,TRUE
614,sp|Q14593|ZN273_HUMAN,LTFRDVAIEFSLEEWQCLDTSQQNLYRNV,36,64,Q14593,TRUE
615,sp|P51523|ZNF84_HUMAN,FSFDDLSVDFTQKEWQLLDP,7,26,P51523,TRUE
616,sp|P51523|ZNF84_HUMAN,NFFLHSKPEDTDTW,162,175,P51523,TRUE
617,sp|Q5HYK9|ZN667_HUMAN,GDLAIYFSQEEWEWLSPIQKDLYEDVMLE,16,44,Q5HYK9,TRUE
618,sp|O43829|ZBT14_HUMAN,IEIDFLRSDIFE,75,86,O43829,TRUE
619,sp|Q9BS31|ZN649_HUMAN,LTLEDVAVDFTWEEWQFLSPAQKDLYRDVM,7,36,Q9BS31,TRUE
620,sp|Q8NDW4|ZN248_HUMAN,DVCVDFTQEEWYLLDPAQKILYRDVI,11,36,Q8NDW4,TRUE
621,sp|Q8NDW4|ZN248_HUMAN,SSQENEDDHFWEL,90,102,Q8NDW4,TRUE
622,sp|Q6NX49|ZN544_HUMAN,TQEEWEQLDLAQRTLYREVTL,23,43,Q6NX49,TRUE
623,sp|Q14186|TFDP1_HUMAN,NDKFEYLFNFDNTFEIHDDIEVL,277,299,Q14186,TRUE
624,sp|Q96SK3|ZN607_HUMAN,GDVAIDFSHQEWEYLSLVQKTLYQEVMM,8,35,Q96SK3,TRUE
625,sp|P17031|ZNF26_HUMAN,GLLSFKDISMEFTWDEWQLLDSTQKYLYRDV,11,41,P17031,TRUE
626,sp|Q9UC07|ZNF69_HUMAN,FDDVAVNFTQEEWALLDI,25,42,Q9UC07,TRUE
627,sp|Q96ND8|ZN583_HUMAN,GDVAVNFSQEE,8,18,Q96ND8,TRUE
628,sp|Q96SQ5|ZN587_HUMAN,DVAVNFSQEEWCLLSEAQRCLYRDVM,18,43,Q96SQ5,TRUE
629,sp|P17038|ZNF43_HUMAN,PLTFMDVAIEFCLEEWQCLDIAQQNLYRN,2,30,P17038,TRUE
630,sp|Q8NB15|ZN511_HUMAN,EWHDSLFQILSERQDM,127,142,Q8NB15,TRUE
631,sp|Q7L945|ZN627_HUMAN,AFEDVAVNFTLEEWALLDP,4,22,Q7L945,TRUE
632,sp|Q5FWF6|ZN789_HUMAN,DVAMYFTREEWGHLNW,14,29,Q5FWF6,TRUE
633,sp|Q5FWF6|ZN789_HUMAN,KPEMICQLENWD,55,66,Q5FWF6,TRUE
634,sp|Q8WWB7|GLMP_HUMAN,DEYAPAVFQLDQLLW,257,271,Q8WWB7,TRUE
635,sp|Q8WWB7|GLMP_HUMAN,FGASTGPGYWDQ,335,346,Q8WWB7,TRUE
636,sp|Q9UPW0|FOXJ3_HUMAN,LKESCRIASSVNWS,462,475,Q9UPW0,TRUE
637,sp|Q9UPW0|FOXJ3_HUMAN,DQVQFADLCSSLN,500,512,Q9UPW0,TRUE
638,sp|Q9NRM2|ZN277_HUMAN,NSTAPFEEQENYFLLCDV,121,138,Q9NRM2,TRUE
639,sp|Q9NRM2|ZN277_HUMAN,EDDRELLDHQEDDWSDWEEHPAS,278,300,Q9NRM2,TRUE
640,sp|Q9NRM2|ZN277_HUMAN,QLEYYFPTYENDTLLCT,392,408,Q9NRM2,TRUE
641,sp|Q12772|SRBP2_HUMAN,TLTELGDELTLGDIDEMLQFVSNQVGEFPDL,14,44,Q12772,TRUE
642,sp|Q12772|SRBP2_HUMAN,LSFESGSGGW,521,530,Q12772,TRUE
643,sp|Q12772|SRBP2_HUMAN,SSALEYLKLL,834,843,Q12772,TRUE
644,sp|Q96JM7|LMBL3_HUMAN,YDFWVNADALDIHP,304,317,Q96JM7,TRUE
645,sp|Q96JM7|LMBL3_HUMAN,FLVHFDNWDESYDYWCEASS,400,419,Q96JM7,TRUE
646,sp|Q96JM7|LMBL3_HUMAN,FDGWNNCYDYWIDADSPDI,508,526,Q96JM7,TRUE
647,sp|Q92753|RORB_HUMAN,SDDLVNEAFDFAKNLCSLQLTEEEIALFSSA,345,375,Q92753,TRUE
648,sp|P35713|SOX18_HUMAN,GPAADLWADVDLTEFDQYLN,312,331,P35713,TRUE
649,sp|P0C7M4|RHF2B_HUMAN,DDYFWDHSHSSSLCFPMPPFP,229,249,P0C7M4,TRUE
650,sp|A8MYZ6|FOXO6_HUMAN,LDLDMFSGSLECDVESIILNDFMDSDEMDFNFDS,436,469,A8MYZ6,TRUE
651,sp|Q9Y5Q3|MAFB_HUMAN,TSPLAMEYVNDF,12,23,Q9Y5Q3,TRUE
652,sp|B7Z6K7|ZN814_HUMAN,FEDVAVNFTWEEWNLLSEAQRCLYRDVTL,16,44,B7Z6K7,TRUE
653,sp|Q7Z340|ZN551_HUMAN,FEDVAIYFSQEEWELLDESQRFLYCDVMLENFA,30,62,Q7Z340,TRUE
654,sp|Q5CZA5|ZN805_HUMAN,TQEEWGQLDL,22,31,Q5CZA5,TRUE
655,sp|Q9NU63|ZFP57_HUMAN,TQEEWDCLDASQRVLYQDV,25,43,Q9NU63,TRUE
656,sp|P10074|TZAP_HUMAN,SVVLPAGFAEI,61,71,P10074,TRUE
657,sp|Q6ZMS7|ZN783_HUMAN,VAVYFSELEWGKLE,147,160,Q6ZMS7,TRUE
658,sp|Q6IV72|ZN425_HUMAN,TFDDVALYFSEQEWEIL,9,25,Q6IV72,TRUE
659,sp|Q16254|E2F4_HUMAN,CMSSELLEELM,361,371,Q16254,TRUE
660,sp|Q16254|E2F4_HUMAN,LDESEGVCDLFD,395,406,Q16254,TRUE
661,sp|A6NFI3|ZN316_HUMAN,EDDLLTAGCQELVTFEDVAVYFSLEEWERLEA,145,176,A6NFI3,TRUE
662,sp|A6NFI3|ZN316_HUMAN,GDIVTGVYTGAWFWTDDIEDHEEEDDED,226,253,A6NFI3,TRUE
663,sp|Q06416|P5F1B_HUMAN,GPWGAEPGWVDPLTW,20,34,Q06416,TRUE
664,sp|O75437|ZN254_HUMAN,LTFRDVAIEFSLEEWQHLDIAQQNLYRN,12,39,O75437,TRUE
665,sp|Q99941|ATF6B_HUMAN,LSEIADPTRFFTDNLLSPEDWGLQNS,6,31,Q99941,TRUE
666,sp|Q99941|ATF6B_HUMAN,GMDVSPSEPPWELL,65,78,Q99941,TRUE
667,sp|P0CJ79|ZN888_HUMAN,FQEIEKDIHDFVF,85,97,P0CJ79,TRUE
668,sp|Q96IR2|ZN845_HUMAN,FQEMEKDIHDF,86,96,Q96IR2,TRUE
669,sp|A8MZ59|LEUTX_HUMAN,ICLGASNPPWASTLFEIDEFVKIYDLPGEDDTSSLNQYLFPVCLE,145,189,A8MZ59,TRUE
670,sp|A8MXY4|ZNF99_HUMAN,SLTFWDVTIEFALEEWQCLDMAQQNLYRN,2,30,A8MXY4,TRUE
671,sp|Q03938|ZNF90_HUMAN,EFRDVAIEFSLEEWHCLDTAQQNLYRDVM,4,32,Q03938,TRUE
672,sp|A8MT65|ZN891_HUMAN,KDVAVEFTQEEWMMLDS,45,61,A8MT65,TRUE
673,sp|A8MUV8|ZN727_HUMAN,WECLDSAQQRLYRDVML,17,33,A8MUV8,TRUE
674,sp|O96006|ZBED1_HUMAN,EASEWATIEGLVEL,386,399,O96006,TRUE
675,sp|O96006|ZBED1_HUMAN,EQVFSLGDGVS,671,681,O96006,TRUE
676,sp|P49716|CEBPD_HUMAN,SAYIDSMAAVPTLELCHDEL,61,80,P49716,TRUE
677,sp|Q96MW7|TIGD1_HUMAN,TDEELFLMDAQRKWFLEME,455,473,Q96MW7,TRUE
678,sp|Q08AG5|ZN844_HUMAN,EDVAVNFTQEEWSLL,6,20,Q08AG5,TRUE
679,sp|P0CB33|ZN735_HUMAN,FRDIAIEFSL,17,26,P0CB33,TRUE
680,sp|P0CB33|ZN735_HUMAN,WQCLDHAQQNLYRDVM,29,44,P0CB33,TRUE
681,sp|Q96JG9|ZN469_HUMAN,GDVSPEPPSLERERCDGGLPGNTHLLPLRA,2985,3014,Q96JG9,TRUE
682,sp|Q96JG9|ZN469_HUMAN,TPAPPPTCYMCVERRFGSRELLRGH,3109,3133,Q96JG9,TRUE
683,sp|Q9BY31|ZN717_HUMAN,QELVSFEEVAVHFTWEEWQDLDDAQRTLYRDVM,11,43,Q9BY31,TRUE
684,sp|Q6R2W3|SCND3_HUMAN,PHPLQDNGSF,182,191,Q6R2W3,TRUE
685,sp|Q6R2W3|SCND3_HUMAN,TVTLQDKLLKLAT,1219,1231,Q6R2W3,TRUE
686,sp|Q7RTU5|ASCL5_HUMAN,GVFPYVPFPGAF,133,144,Q7RTU5,TRUE
687,sp|B4DU55|ZN879_HUMAN,DVAVFFSQDE,17,26,B4DU55,TRUE
688,sp|B4DX44|ZN736_HUMAN,ECLDSAQQRLYRDVML,18,33,B4DX44,TRUE
689,sp|Q49AG3|ZBED5_HUMAN,SLQSNATGEE,309,318,Q49AG3,TRUE
690,sp|Q49AG3|ZBED5_HUMAN,FWASSVEEENFDCFPTLSDFLTEINST,513,539,Q49AG3,TRUE
691,sp|Q49AG3|ZBED5_HUMAN,SQVKQNFSELSLNDFW,601,616,Q49AG3,TRUE
692,sp|P0CF97|F200B_HUMAN,FLCFLNLTSHLSGLD,256,270,P0CF97,TRUE
693,sp|P0CF97|F200B_HUMAN,EDDTWVTKLAYLTDI,420,434,P0CF97,TRUE
694,sp|P41161|ETV5_HUMAN,SEELFQDLSQLQEAWLAEAQVPDDEQFV,42,69,P41161,TRUE
695,sp|P49715|CEBPA_HUMAN,DISAYIDPAAFNDEF,62,76,P49715,TRUE
696,sp|Q6AW86|Z324B_HUMAN,EDVAVYFSQEEWGLL,3,17,Q6AW86,TRUE
697,sp|Q8NA31|TERB1_HUMAN,QQTLCTSELFEDLTWFLSNDSN,93,114,Q8NA31,TRUE
698,sp|Q8NA31|TERB1_HUMAN,DCEENQYDLF,326,335,Q8NA31,TRUE
699,sp|Q2M3X9|ZN674_HUMAN,LTFKDVFVDFTLEEWQQLDSAQKNL,7,31,Q2M3X9,TRUE
700,sp|O94892|ZN432_HUMAN,LTLEDVTVEFTWEEWQLLGPFQKDLYRDV,7,35,O94892,TRUE
701,sp|P21506|ZNF10_HUMAN,MARNDLWYLSLEE,115,127,P21506,TRUE
702,sp|Q96H40|ZN486_HUMAN,LQFRDVAVEFSLEEWHCLDTAQQNLYRDVM,12,41,Q96H40,TRUE
703,sp|Q9GZX5|ZN350_HUMAN,ITLEDVAVDFTWEEWQLLGAAQKDLYRDV,7,35,Q9GZX5,TRUE
704,sp|O75346|ZN253_HUMAN,RDVAIEFSLEEWHCLDTAQRNLYRDV,6,31,O75346,TRUE
705,sp|P86452|ZBED6_HUMAN,FKNSLEDFFPQGADLETYKQFLAE,773,796,P86452,TRUE
706,sp|Q9UBX2|DUX4_HUMAN,APWSALPCGLLLDELLASPEFLQQA,362,386,Q9UBX2,TRUE
707,sp|P0CJ78|ZN865_HUMAN,DGVHFQSYPFDFLEFLNHQRFEPMEL,21,46,P0CJ78,TRUE
708,sp|P78347|GTF2I_HUMAN,VEGLPEGIPF,608,617,P78347,TRUE
709,sp|P78347|GTF2I_HUMAN,KVPFALFESFPED,755,767,P78347,TRUE
710,sp|Q14588|ZN234_HUMAN,GLLDPVQRNLYQD,22,34,Q14588,TRUE
711,sp|A8MQ14|ZN850_HUMAN,VMFQDLSIDFSQEEWECLDAAQKDLYRDVM,6,35,A8MQ14,TRUE
712,sp|Q9NZV7|ZIM2_HUMAN,FPDFKHLGTFLVFEELVTFEDVLVDFSPE,159,187,Q9NZV7,TRUE
713,sp|Q9UMN6|KMT2B_HUMAN,ASKGLHELVFCQVCCDP,1207,1223,Q9UMN6,TRUE
714,sp|Q9UMN6|KMT2B_HUMAN,EALSGALQGGLR,1402,1413,Q9UMN6,TRUE
715,sp|Q9UMN6|KMT2B_HUMAN,VSAPGLAPSATPGAP,2041,2055,Q9UMN6,TRUE
716,sp|Q8NAP8|ZBT8B_HUMAN,LDIVTSDAFSIILDFLYSGKLD,67,88,Q8NAP8,TRUE
717,sp|P48742|LHX1_HUMAN,GDYQSEYYGPG,279,289,P48742,TRUE
718,sp|Q9UI36|DACH1_HUMAN,PFLFPDGLSSI,607,617,Q9UI36,TRUE
719,sp|P17098|ZNF8_HUMAN,QLDPTQRILYRD,40,51,P17098,TRUE
720,sp|Q9UJW7|ZN229_HUMAN,TVYKCNWDDDSFCWISCHVDHR,210,231,Q9UJW7,TRUE